#,Time,%Passes,Change,Test,Pass,Partial,Fail,Untested
0,Thu Oct 04 23:19:11 EDT 2018,11,11,Assignment2Suite,EmptyTest0+ FindMinMaxTest0+ SizeTest0+ , ,ContainsTest0- ContainsTest1- EfficiencyTest1- EmptyTest1- FindMinMaxTest1- FindMinMaxTest2- HeightTest- InsertAfterRemoveTest0- InsertAfterRemoveTest1- InsertAfterRemoveTest2- InsertTest0- InsertTest1- InsertTest2- RemoveTest0- RemoveTest1- RemoveTest2- RemoveTest3- RemoveTest4- RemoveTest5- RemoveTest6- RemoveTest7- SizeTest1- SizeTest2- , ,
1,Thu Oct 04 23:29:25 EDT 2018,11,0,Assignment2Suite,EmptyTest0 FindMinMaxTest0 SizeTest0 , ,ContainsTest0 ContainsTest1 EfficiencyTest1 EmptyTest1 FindMinMaxTest1 FindMinMaxTest2 HeightTest InsertAfterRemoveTest0 InsertAfterRemoveTest1 InsertAfterRemoveTest2 InsertTest0 InsertTest1 InsertTest2 RemoveTest0 RemoveTest1 RemoveTest2 RemoveTest3 RemoveTest4 RemoveTest5 RemoveTest6 RemoveTest7 SizeTest1 SizeTest2 , ,
2,Thu Oct 04 23:42:01 EDT 2018,42,31,Assignment2Suite,EfficiencyTest1+ EmptyTest0 FindMinMaxTest0 FindMinMaxTest1+ FindMinMaxTest2+ InsertAfterRemoveTest1+ InsertAfterRemoveTest2+ InsertTest0+ InsertTest1+ InsertTest2+ SizeTest0 , ,ContainsTest0 ContainsTest1 EmptyTest1 HeightTest InsertAfterRemoveTest0 RemoveTest0 RemoveTest1 RemoveTest2 RemoveTest3 RemoveTest4 RemoveTest5 RemoveTest6 RemoveTest7 SizeTest1 SizeTest2 , ,
3,Fri Oct 05 00:11:29 EDT 2018,42,0,Assignment2Suite,EfficiencyTest1 EmptyTest0 FindMinMaxTest0 FindMinMaxTest1 FindMinMaxTest2 InsertAfterRemoveTest1 InsertAfterRemoveTest2 InsertTest0 InsertTest1 InsertTest2 SizeTest0 , ,ContainsTest0 ContainsTest1 EmptyTest1 HeightTest InsertAfterRemoveTest0 RemoveTest0 RemoveTest1 RemoveTest2 RemoveTest3 RemoveTest4 RemoveTest5 RemoveTest6 RemoveTest7 SizeTest1 SizeTest2 , ,
4,Fri Oct 05 10:04:29 EDT 2018,42,0,Assignment2Suite,EfficiencyTest1 EmptyTest0 FindMinMaxTest0 FindMinMaxTest1 FindMinMaxTest2 InsertAfterRemoveTest1 InsertAfterRemoveTest2 InsertTest0 InsertTest1 InsertTest2 SizeTest0 , ,ContainsTest0 ContainsTest1 EmptyTest1 HeightTest InsertAfterRemoveTest0 RemoveTest0 RemoveTest1 RemoveTest2 RemoveTest3 RemoveTest4 RemoveTest5 RemoveTest6 RemoveTest7 SizeTest1 SizeTest2 , ,
5,Fri Oct 05 10:05:26 EDT 2018,42,0,Assignment2Suite,EfficiencyTest1 EmptyTest0 FindMinMaxTest0 FindMinMaxTest1 FindMinMaxTest2 InsertAfterRemoveTest1 InsertAfterRemoveTest2 InsertTest0 InsertTest1 InsertTest2 SizeTest0 , ,ContainsTest0 ContainsTest1 EmptyTest1 HeightTest InsertAfterRemoveTest0 RemoveTest0 RemoveTest1 RemoveTest2 RemoveTest3 RemoveTest4 RemoveTest5 RemoveTest6 RemoveTest7 SizeTest1 SizeTest2 , ,
6,Fri Oct 05 10:06:28 EDT 2018,42,0,Assignment2Suite,EfficiencyTest1 EmptyTest0 FindMinMaxTest0 FindMinMaxTest1 FindMinMaxTest2 InsertAfterRemoveTest1 InsertAfterRemoveTest2 InsertTest0 InsertTest1 InsertTest2 SizeTest0 , ,ContainsTest0 ContainsTest1 EmptyTest1 HeightTest InsertAfterRemoveTest0 RemoveTest0 RemoveTest1 RemoveTest2 RemoveTest3 RemoveTest4 RemoveTest5 RemoveTest6 RemoveTest7 SizeTest1 SizeTest2 , ,
7,Fri Oct 05 10:06:59 EDT 2018,42,0,Assignment2Suite,EfficiencyTest1 EmptyTest0 FindMinMaxTest0 FindMinMaxTest1 FindMinMaxTest2 InsertAfterRemoveTest1 InsertAfterRemoveTest2 InsertTest0 InsertTest1 InsertTest2 SizeTest0 , ,ContainsTest0 ContainsTest1 EmptyTest1 HeightTest InsertAfterRemoveTest0 RemoveTest0 RemoveTest1 RemoveTest2 RemoveTest3 RemoveTest4 RemoveTest5 RemoveTest6 RemoveTest7 SizeTest1 SizeTest2 , ,
8,Fri Oct 05 10:07:52 EDT 2018,42,0,Assignment2Suite,EfficiencyTest1 EmptyTest0 FindMinMaxTest0 FindMinMaxTest1 FindMinMaxTest2 InsertAfterRemoveTest1 InsertAfterRemoveTest2 InsertTest0 InsertTest1 InsertTest2 SizeTest0 , ,ContainsTest0 ContainsTest1 EmptyTest1 HeightTest InsertAfterRemoveTest0 RemoveTest0 RemoveTest1 RemoveTest2 RemoveTest3 RemoveTest4 RemoveTest5 RemoveTest6 RemoveTest7 SizeTest1 SizeTest2 , ,
9,Fri Oct 05 10:12:29 EDT 2018,42,0,Assignment2Suite,EfficiencyTest1 EmptyTest0 FindMinMaxTest0 FindMinMaxTest1 FindMinMaxTest2 InsertAfterRemoveTest1 InsertAfterRemoveTest2 InsertTest0 InsertTest1 InsertTest2 SizeTest0 , ,ContainsTest0 ContainsTest1 EmptyTest1 HeightTest InsertAfterRemoveTest0 RemoveTest0 RemoveTest1 RemoveTest2 RemoveTest3 RemoveTest4 RemoveTest5 RemoveTest6 RemoveTest7 SizeTest1 SizeTest2 , ,
10,Fri Oct 05 10:13:13 EDT 2018,42,0,Assignment2Suite,EfficiencyTest1 EmptyTest0 FindMinMaxTest0 FindMinMaxTest1 FindMinMaxTest2 InsertAfterRemoveTest1 InsertAfterRemoveTest2 InsertTest0 InsertTest1 InsertTest2 SizeTest0 , ,ContainsTest0 ContainsTest1 EmptyTest1 HeightTest InsertAfterRemoveTest0 RemoveTest0 RemoveTest1 RemoveTest2 RemoveTest3 RemoveTest4 RemoveTest5 RemoveTest6 RemoveTest7 SizeTest1 SizeTest2 , ,
11,Fri Oct 05 11:14:09 EDT 2018,42,0,Assignment2Suite,EfficiencyTest1 EmptyTest0 FindMinMaxTest0 FindMinMaxTest1 FindMinMaxTest2 InsertAfterRemoveTest1 InsertAfterRemoveTest2 InsertTest0 InsertTest1 InsertTest2 SizeTest0 , ,ContainsTest0 ContainsTest1 EmptyTest1 HeightTest InsertAfterRemoveTest0 RemoveTest0 RemoveTest1 RemoveTest2 RemoveTest3 RemoveTest4 RemoveTest5 RemoveTest6 RemoveTest7 SizeTest1 SizeTest2 , ,
12,Fri Oct 05 11:23:59 EDT 2018,46,4,Assignment2Suite,ContainsTest0+ EfficiencyTest1 EmptyTest0 FindMinMaxTest0 FindMinMaxTest1 FindMinMaxTest2 InsertAfterRemoveTest1 InsertAfterRemoveTest2 InsertTest0 InsertTest1 InsertTest2 SizeTest0 , ,ContainsTest1 EmptyTest1 HeightTest InsertAfterRemoveTest0 RemoveTest0 RemoveTest1 RemoveTest2 RemoveTest3 RemoveTest4 RemoveTest5 RemoveTest6 RemoveTest7 SizeTest1 SizeTest2 , ,
13,Fri Oct 05 12:27:54 EDT 2018,46,0,Assignment2Suite,ContainsTest0 EfficiencyTest1 EmptyTest0 FindMinMaxTest0 FindMinMaxTest1 FindMinMaxTest2 InsertAfterRemoveTest1 InsertAfterRemoveTest2 InsertTest0 InsertTest1 InsertTest2 SizeTest0 , ,ContainsTest1 EmptyTest1 HeightTest InsertAfterRemoveTest0 RemoveTest0 RemoveTest1 RemoveTest2 RemoveTest3 RemoveTest4 RemoveTest5 RemoveTest6 RemoveTest7 SizeTest1 SizeTest2 , ,
14,Fri Oct 05 12:40:17 EDT 2018,34,-12,Assignment2Suite,ContainsTest0 EfficiencyTest1 EmptyTest0 FindMinMaxTest0 FindMinMaxTest1 InsertTest0 InsertTest1 InsertTest2 SizeTest0 , ,ContainsTest1 EmptyTest1 FindMinMaxTest2- HeightTest InsertAfterRemoveTest0 InsertAfterRemoveTest1- InsertAfterRemoveTest2- RemoveTest0 RemoveTest1 RemoveTest2 RemoveTest3 RemoveTest4 RemoveTest5 RemoveTest6 RemoveTest7 SizeTest1 SizeTest2 , ,
15,Fri Oct 05 12:40:39 EDT 2018,46,12,Assignment2Suite,ContainsTest0 EfficiencyTest1 EmptyTest0 FindMinMaxTest0 FindMinMaxTest1 FindMinMaxTest2+ InsertAfterRemoveTest1+ InsertAfterRemoveTest2+ InsertTest0 InsertTest1 InsertTest2 SizeTest0 , ,ContainsTest1 EmptyTest1 HeightTest InsertAfterRemoveTest0 RemoveTest0 RemoveTest1 RemoveTest2 RemoveTest3 RemoveTest4 RemoveTest5 RemoveTest6 RemoveTest7 SizeTest1 SizeTest2 , ,
16,Fri Oct 05 12:50:12 EDT 2018,46,0,Assignment2Suite,ContainsTest0 EfficiencyTest1 EmptyTest0 FindMinMaxTest0 FindMinMaxTest1 FindMinMaxTest2 InsertAfterRemoveTest1 InsertAfterRemoveTest2 InsertTest0 InsertTest1 InsertTest2 SizeTest0 , ,ContainsTest1 EmptyTest1 HeightTest InsertAfterRemoveTest0 RemoveTest0 RemoveTest1 RemoveTest2 RemoveTest3 RemoveTest4 RemoveTest5 RemoveTest6 RemoveTest7 SizeTest1 SizeTest2 , ,
17,Fri Oct 05 12:55:36 EDT 2018,46,0,Assignment2Suite,ContainsTest0 EfficiencyTest1 EmptyTest0 FindMinMaxTest0 FindMinMaxTest1 FindMinMaxTest2 InsertAfterRemoveTest1 InsertAfterRemoveTest2 InsertTest0 InsertTest1 InsertTest2 SizeTest0 , ,ContainsTest1 EmptyTest1 HeightTest InsertAfterRemoveTest0 RemoveTest0 RemoveTest1 RemoveTest2 RemoveTest3 RemoveTest4 RemoveTest5 RemoveTest6 RemoveTest7 SizeTest1 SizeTest2 , ,
18,Fri Oct 05 12:58:12 EDT 2018,46,0,Assignment2Suite,ContainsTest0 EfficiencyTest1 EmptyTest0 FindMinMaxTest0 FindMinMaxTest1 FindMinMaxTest2 InsertAfterRemoveTest1 InsertAfterRemoveTest2 InsertTest0 InsertTest1 InsertTest2 SizeTest0 , ,ContainsTest1 EmptyTest1 HeightTest InsertAfterRemoveTest0 RemoveTest0 RemoveTest1 RemoveTest2 RemoveTest3 RemoveTest4 RemoveTest5 RemoveTest6 RemoveTest7 SizeTest1 SizeTest2 , ,
19,Fri Oct 05 13:04:57 EDT 2018,46,0,Assignment2Suite,ContainsTest0 EfficiencyTest1 EmptyTest0 FindMinMaxTest0 FindMinMaxTest1 FindMinMaxTest2 InsertAfterRemoveTest1 InsertAfterRemoveTest2 InsertTest0 InsertTest1 InsertTest2 SizeTest0 , ,ContainsTest1 EmptyTest1 HeightTest InsertAfterRemoveTest0 RemoveTest0 RemoveTest1 RemoveTest2 RemoveTest3 RemoveTest4 RemoveTest5 RemoveTest6 RemoveTest7 SizeTest1 SizeTest2 , ,
20,Fri Oct 05 13:05:37 EDT 2018,50,4,Assignment2Suite,ContainsTest0 EfficiencyTest1 EmptyTest0 FindMinMaxTest0 FindMinMaxTest1 FindMinMaxTest2 HeightTest+ InsertAfterRemoveTest1 InsertAfterRemoveTest2 InsertTest0 InsertTest1 InsertTest2 SizeTest0 , ,ContainsTest1 EmptyTest1 InsertAfterRemoveTest0 RemoveTest0 RemoveTest1 RemoveTest2 RemoveTest3 RemoveTest4 RemoveTest5 RemoveTest6 RemoveTest7 SizeTest1 SizeTest2 , ,
21,Fri Oct 05 13:25:41 EDT 2018,57,7,Assignment2Suite,ContainsTest0 EfficiencyTest1 EmptyTest0 FindMinMaxTest0 FindMinMaxTest1 FindMinMaxTest2 HeightTest InsertAfterRemoveTest1 InsertAfterRemoveTest2 InsertTest0 InsertTest1 InsertTest2 SizeTest0 SizeTest1+ SizeTest2+ , ,ContainsTest1 EmptyTest1 InsertAfterRemoveTest0 RemoveTest0 RemoveTest1 RemoveTest2 RemoveTest3 RemoveTest4 RemoveTest5 RemoveTest6 RemoveTest7 , ,
22,Fri Oct 05 13:34:34 EDT 2018,57,0,Assignment2Suite,ContainsTest0 EfficiencyTest1 EmptyTest0 FindMinMaxTest0 FindMinMaxTest1 FindMinMaxTest2 HeightTest InsertAfterRemoveTest1 InsertAfterRemoveTest2 InsertTest0 InsertTest1 InsertTest2 SizeTest0 SizeTest1 SizeTest2 , ,ContainsTest1 EmptyTest1 InsertAfterRemoveTest0 RemoveTest0 RemoveTest1 RemoveTest2 RemoveTest3 RemoveTest4 RemoveTest5 RemoveTest6 RemoveTest7 , ,
23,Fri Oct 05 13:35:10 EDT 2018,57,0,Assignment2Suite,ContainsTest0 EfficiencyTest1 EmptyTest0 FindMinMaxTest0 FindMinMaxTest1 FindMinMaxTest2 HeightTest InsertAfterRemoveTest1 InsertAfterRemoveTest2 InsertTest0 InsertTest1 InsertTest2 SizeTest0 SizeTest1 SizeTest2 , ,ContainsTest1 EmptyTest1 InsertAfterRemoveTest0 RemoveTest0 RemoveTest1 RemoveTest2 RemoveTest3 RemoveTest4 RemoveTest5 RemoveTest6 RemoveTest7 , ,
24,Fri Oct 05 13:43:00 EDT 2018,50,-7,Assignment2Suite,ContainsTest0 EfficiencyTest1 EmptyTest0 FindMinMaxTest0 FindMinMaxTest1 FindMinMaxTest2 HeightTest InsertTest0 InsertTest1 InsertTest2 SizeTest0 SizeTest1 SizeTest2 , ,ContainsTest1 EmptyTest1 InsertAfterRemoveTest0 InsertAfterRemoveTest1- InsertAfterRemoveTest2- RemoveTest0 RemoveTest1 RemoveTest2 RemoveTest3 RemoveTest4 RemoveTest5 RemoveTest6 RemoveTest7 , ,
25,Fri Oct 05 13:47:07 EDT 2018,50,0,Assignment2Suite,ContainsTest0 EfficiencyTest1 EmptyTest0 FindMinMaxTest0 FindMinMaxTest1 FindMinMaxTest2 HeightTest InsertTest0 InsertTest1 InsertTest2 SizeTest0 SizeTest1 SizeTest2 , ,ContainsTest1 EmptyTest1 InsertAfterRemoveTest0 InsertAfterRemoveTest1 InsertAfterRemoveTest2 RemoveTest0 RemoveTest1 RemoveTest2 RemoveTest3 RemoveTest4 RemoveTest5 RemoveTest6 RemoveTest7 , ,
26,Fri Oct 05 13:54:15 EDT 2018,50,0,Assignment2Suite,ContainsTest0 EfficiencyTest1 EmptyTest0 FindMinMaxTest0 FindMinMaxTest1 FindMinMaxTest2 HeightTest InsertTest0 InsertTest1 InsertTest2 SizeTest0 SizeTest1 SizeTest2 , ,ContainsTest1 EmptyTest1 InsertAfterRemoveTest0 InsertAfterRemoveTest1 InsertAfterRemoveTest2 RemoveTest0 RemoveTest1 RemoveTest2 RemoveTest3 RemoveTest4 RemoveTest5 RemoveTest6 RemoveTest7 , ,
27,Fri Oct 05 14:07:30 EDT 2018,46,-4,Assignment2Suite,ContainsTest0 EfficiencyTest1 EmptyTest0 FindMinMaxTest0 FindMinMaxTest1 HeightTest InsertTest0 InsertTest1 InsertTest2 RemoveTest5+ SizeTest0 SizeTest1 , ,ContainsTest1 EmptyTest1 FindMinMaxTest2- InsertAfterRemoveTest0 InsertAfterRemoveTest1 InsertAfterRemoveTest2 RemoveTest0 RemoveTest1 RemoveTest2 RemoveTest3 RemoveTest4 RemoveTest6 RemoveTest7 SizeTest2- , ,
28,Fri Oct 05 14:07:45 EDT 2018,46,0,Assignment2Suite,ContainsTest0 EfficiencyTest1 EmptyTest0 FindMinMaxTest0 FindMinMaxTest1 HeightTest InsertTest0 InsertTest1 InsertTest2 RemoveTest5 SizeTest0 SizeTest1 , ,ContainsTest1 EmptyTest1 FindMinMaxTest2 InsertAfterRemoveTest0 InsertAfterRemoveTest1 InsertAfterRemoveTest2 RemoveTest0 RemoveTest1 RemoveTest2 RemoveTest3 RemoveTest4 RemoveTest6 RemoveTest7 SizeTest2 , ,
29,Fri Oct 05 14:11:36 EDT 2018,53,7,Assignment2Suite,ContainsTest0 EfficiencyTest1 EmptyTest0 FindMinMaxTest0 FindMinMaxTest1 HeightTest InsertAfterRemoveTest1+ InsertTest0 InsertTest1 InsertTest2 RemoveTest0+ RemoveTest5 SizeTest0 SizeTest1 , ,ContainsTest1 EmptyTest1 FindMinMaxTest2 InsertAfterRemoveTest0 InsertAfterRemoveTest2 RemoveTest1 RemoveTest2 RemoveTest3 RemoveTest4 RemoveTest6 RemoveTest7 SizeTest2 , ,
30,Fri Oct 05 14:13:01 EDT 2018,53,0,Assignment2Suite,ContainsTest0 EfficiencyTest1 EmptyTest0 FindMinMaxTest0 FindMinMaxTest1 FindMinMaxTest2+ HeightTest InsertAfterRemoveTest1 InsertAfterRemoveTest2+ InsertTest0 InsertTest1 InsertTest2 SizeTest0 SizeTest1 , ,ContainsTest1 EmptyTest1 InsertAfterRemoveTest0 RemoveTest0- RemoveTest1 RemoveTest2 RemoveTest3 RemoveTest4 RemoveTest5- RemoveTest6 RemoveTest7 SizeTest2 , ,
31,Fri Oct 05 14:13:40 EDT 2018,57,4,Assignment2Suite,ContainsTest0 EfficiencyTest1 EmptyTest0 FindMinMaxTest0 FindMinMaxTest1 HeightTest InsertAfterRemoveTest1 InsertTest0 InsertTest1 InsertTest2 RemoveTest0+ RemoveTest5+ RemoveTest7+ SizeTest0 SizeTest1 , ,ContainsTest1 EmptyTest1 FindMinMaxTest2- InsertAfterRemoveTest0 InsertAfterRemoveTest2- RemoveTest1 RemoveTest2 RemoveTest3 RemoveTest4 RemoveTest6 SizeTest2 , ,
32,Fri Oct 05 14:15:45 EDT 2018,57,0,Assignment2Suite,ContainsTest0 EfficiencyTest1 EmptyTest0 FindMinMaxTest0 FindMinMaxTest1 HeightTest InsertAfterRemoveTest1 InsertAfterRemoveTest2+ InsertTest0 InsertTest1 InsertTest2 RemoveTest0 RemoveTest5 SizeTest0 SizeTest1 , ,ContainsTest1 EmptyTest1 FindMinMaxTest2 InsertAfterRemoveTest0 RemoveTest1 RemoveTest2 RemoveTest3 RemoveTest4 RemoveTest6 RemoveTest7- SizeTest2 , ,
33,Fri Oct 05 14:16:10 EDT 2018,53,-4,Assignment2Suite,ContainsTest0 EfficiencyTest1 EmptyTest0 FindMinMaxTest0 FindMinMaxTest1 HeightTest InsertAfterRemoveTest1 InsertAfterRemoveTest2 InsertTest0 InsertTest1 InsertTest2 RemoveTest5 SizeTest0 SizeTest1 , ,ContainsTest1 EmptyTest1 FindMinMaxTest2 InsertAfterRemoveTest0 RemoveTest0- RemoveTest1 RemoveTest2 RemoveTest3 RemoveTest4 RemoveTest6 RemoveTest7 SizeTest2 , ,
34,Fri Oct 05 14:24:42 EDT 2018,69,16,Assignment2Suite,ContainsTest0 EfficiencyTest1 EmptyTest0 FindMinMaxTest0 FindMinMaxTest1 HeightTest InsertAfterRemoveTest1 InsertAfterRemoveTest2 InsertTest0 InsertTest1 InsertTest2 RemoveTest0+ RemoveTest1+ RemoveTest3+ RemoveTest5 RemoveTest7+ SizeTest0 SizeTest1 , ,ContainsTest1 EmptyTest1 FindMinMaxTest2 InsertAfterRemoveTest0 RemoveTest2 RemoveTest4 RemoveTest6 SizeTest2 , ,
35,Fri Oct 05 14:25:09 EDT 2018,69,0,Assignment2Suite,ContainsTest0 EfficiencyTest1 EmptyTest0 FindMinMaxTest0 FindMinMaxTest1 HeightTest InsertAfterRemoveTest1 InsertAfterRemoveTest2 InsertTest0 InsertTest1 InsertTest2 RemoveTest0 RemoveTest1 RemoveTest3 RemoveTest5 RemoveTest7 SizeTest0 SizeTest1 , ,ContainsTest1 EmptyTest1 FindMinMaxTest2 InsertAfterRemoveTest0 RemoveTest2 RemoveTest4 RemoveTest6 SizeTest2 , ,
36,Fri Oct 05 14:27:18 EDT 2018,69,0,Assignment2Suite,ContainsTest0 EfficiencyTest1 EmptyTest0 FindMinMaxTest0 FindMinMaxTest1 HeightTest InsertAfterRemoveTest1 InsertAfterRemoveTest2 InsertTest0 InsertTest1 InsertTest2 RemoveTest0 RemoveTest1 RemoveTest3 RemoveTest5 RemoveTest7 SizeTest0 SizeTest1 , ,ContainsTest1 EmptyTest1 FindMinMaxTest2 InsertAfterRemoveTest0 RemoveTest2 RemoveTest4 RemoveTest6 SizeTest2 , ,
37,Fri Oct 05 14:29:00 EDT 2018,69,0,Assignment2Suite,ContainsTest0 EfficiencyTest1 EmptyTest0 FindMinMaxTest0 FindMinMaxTest1 HeightTest InsertAfterRemoveTest1 InsertAfterRemoveTest2 InsertTest0 InsertTest1 InsertTest2 RemoveTest0 RemoveTest1 RemoveTest3 RemoveTest5 RemoveTest7 SizeTest0 SizeTest1 , ,ContainsTest1 EmptyTest1 FindMinMaxTest2 InsertAfterRemoveTest0 RemoveTest2 RemoveTest4 RemoveTest6 SizeTest2 , ,
38,Fri Oct 05 14:30:02 EDT 2018,76,7,Assignment2Suite,ContainsTest0 EfficiencyTest1 EmptyTest0 FindMinMaxTest0 FindMinMaxTest1 HeightTest InsertAfterRemoveTest1 InsertAfterRemoveTest2 InsertTest0 InsertTest1 InsertTest2 RemoveTest0 RemoveTest1 RemoveTest2+ RemoveTest3 RemoveTest5 RemoveTest6+ RemoveTest7 SizeTest0 SizeTest1 , ,ContainsTest1 EmptyTest1 FindMinMaxTest2 InsertAfterRemoveTest0 RemoveTest4 SizeTest2 , ,
39,Fri Oct 05 14:31:47 EDT 2018,76,0,Assignment2Suite,ContainsTest0 EfficiencyTest1 EmptyTest0 FindMinMaxTest0 FindMinMaxTest1 HeightTest InsertAfterRemoveTest1 InsertAfterRemoveTest2 InsertTest0 InsertTest1 InsertTest2 RemoveTest0 RemoveTest1 RemoveTest2 RemoveTest3 RemoveTest5 RemoveTest6 RemoveTest7 SizeTest0 SizeTest1 , ,ContainsTest1 EmptyTest1 FindMinMaxTest2 InsertAfterRemoveTest0 RemoveTest4 SizeTest2 , ,
40,Fri Oct 05 14:32:23 EDT 2018,46,-30,Assignment2Suite,EfficiencyTest1 EmptyTest0 FindMinMaxTest0 FindMinMaxTest1 FindMinMaxTest2+ InsertAfterRemoveTest1 InsertTest0 RemoveTest0 RemoveTest1 RemoveTest7 SizeTest0 SizeTest1 , ,ContainsTest0- ContainsTest1 EmptyTest1 HeightTest- InsertAfterRemoveTest0 InsertAfterRemoveTest2- InsertTest1- InsertTest2- RemoveTest2- RemoveTest3- RemoveTest4 RemoveTest5- RemoveTest6- SizeTest2 , ,
41,Fri Oct 05 14:33:21 EDT 2018,76,30,Assignment2Suite,ContainsTest0+ EfficiencyTest1 EmptyTest0 FindMinMaxTest0 FindMinMaxTest1 HeightTest+ InsertAfterRemoveTest1 InsertAfterRemoveTest2+ InsertTest0 InsertTest1+ InsertTest2+ RemoveTest0 RemoveTest1 RemoveTest2+ RemoveTest3+ RemoveTest5+ RemoveTest6+ RemoveTest7 SizeTest0 SizeTest1 , ,ContainsTest1 EmptyTest1 FindMinMaxTest2- InsertAfterRemoveTest0 RemoveTest4 SizeTest2 , ,
42,Fri Oct 05 14:34:12 EDT 2018,76,0,Assignment2Suite,ContainsTest0 EfficiencyTest1 EmptyTest0 FindMinMaxTest0 FindMinMaxTest1 HeightTest InsertAfterRemoveTest1 InsertAfterRemoveTest2 InsertTest0 InsertTest1 InsertTest2 RemoveTest0 RemoveTest1 RemoveTest2 RemoveTest3 RemoveTest5 RemoveTest6 RemoveTest7 SizeTest0 SizeTest1 , ,ContainsTest1 EmptyTest1 FindMinMaxTest2 InsertAfterRemoveTest0 RemoveTest4 SizeTest2 , ,
43,Fri Oct 05 14:38:52 EDT 2018,76,0,Assignment2Suite,ContainsTest0 EfficiencyTest1 EmptyTest0 FindMinMaxTest0 FindMinMaxTest1 HeightTest InsertAfterRemoveTest1 InsertAfterRemoveTest2 InsertTest0 InsertTest1 InsertTest2 RemoveTest0 RemoveTest1 RemoveTest2 RemoveTest3 RemoveTest5 RemoveTest6 RemoveTest7 SizeTest0 SizeTest1 , ,ContainsTest1 EmptyTest1 FindMinMaxTest2 InsertAfterRemoveTest0 RemoveTest4 SizeTest2 , ,
44,Fri Oct 05 14:39:35 EDT 2018,80,4,Assignment2Suite,ContainsTest0 EfficiencyTest1 EmptyTest0 FindMinMaxTest0 FindMinMaxTest1 HeightTest InsertAfterRemoveTest1 InsertAfterRemoveTest2 InsertTest0 InsertTest1 InsertTest2 RemoveTest0 RemoveTest1 RemoveTest2 RemoveTest3 RemoveTest5 RemoveTest6 RemoveTest7 SizeTest0 SizeTest1 SizeTest2+ , ,ContainsTest1 EmptyTest1 FindMinMaxTest2 InsertAfterRemoveTest0 RemoveTest4 , ,
45,Fri Oct 05 14:40:25 EDT 2018,80,0,Assignment2Suite,ContainsTest0 EfficiencyTest1 EmptyTest0 FindMinMaxTest0 FindMinMaxTest1 HeightTest InsertAfterRemoveTest1 InsertAfterRemoveTest2 InsertTest0 InsertTest1 InsertTest2 RemoveTest0 RemoveTest1 RemoveTest2 RemoveTest3 RemoveTest5 RemoveTest6 RemoveTest7 SizeTest0 SizeTest1 SizeTest2 , ,ContainsTest1 EmptyTest1 FindMinMaxTest2 InsertAfterRemoveTest0 RemoveTest4 , ,
46,Fri Oct 05 14:42:25 EDT 2018,80,0,Assignment2Suite,ContainsTest0 EfficiencyTest1 EmptyTest0 FindMinMaxTest0 FindMinMaxTest1 HeightTest InsertAfterRemoveTest1 InsertAfterRemoveTest2 InsertTest0 InsertTest1 InsertTest2 RemoveTest0 RemoveTest1 RemoveTest2 RemoveTest3 RemoveTest5 RemoveTest6 RemoveTest7 SizeTest0 SizeTest1 SizeTest2 , ,ContainsTest1 EmptyTest1 FindMinMaxTest2 InsertAfterRemoveTest0 RemoveTest4 , ,
47,Fri Oct 05 14:52:11 EDT 2018,61,-19,Assignment2Suite,ContainsTest0 EfficiencyTest1 EmptyTest0 FindMinMaxTest0 FindMinMaxTest1 HeightTest InsertAfterRemoveTest1 InsertAfterRemoveTest2 InsertTest0 InsertTest1 InsertTest2 RemoveTest5 RemoveTest7 SizeTest0 SizeTest1 SizeTest2 , ,ContainsTest1 EmptyTest1 FindMinMaxTest2 InsertAfterRemoveTest0 RemoveTest0- RemoveTest1- RemoveTest2- RemoveTest3- RemoveTest4 RemoveTest6- , ,
48,Fri Oct 05 14:54:03 EDT 2018,61,0,Assignment2Suite,ContainsTest0 EfficiencyTest1 EmptyTest0 FindMinMaxTest0 FindMinMaxTest1 FindMinMaxTest2+ HeightTest InsertAfterRemoveTest1 InsertAfterRemoveTest2 InsertTest0 InsertTest1 InsertTest2 RemoveTest5 SizeTest0 SizeTest1 SizeTest2 , ,ContainsTest1 EmptyTest1 InsertAfterRemoveTest0 RemoveTest0 RemoveTest1 RemoveTest2 RemoveTest3 RemoveTest4 RemoveTest6 RemoveTest7- , ,
49,Fri Oct 05 14:55:43 EDT 2018,61,0,Assignment2Suite,ContainsTest0 EfficiencyTest1 EmptyTest0 FindMinMaxTest0 FindMinMaxTest1 FindMinMaxTest2 HeightTest InsertAfterRemoveTest1 InsertAfterRemoveTest2 InsertTest0 InsertTest1 InsertTest2 RemoveTest5 SizeTest0 SizeTest1 SizeTest2 , ,ContainsTest1 EmptyTest1 InsertAfterRemoveTest0 RemoveTest0 RemoveTest1 RemoveTest2 RemoveTest3 RemoveTest4 RemoveTest6 RemoveTest7 , ,
50,Fri Oct 05 14:56:39 EDT 2018,42,-19,Assignment2Suite,ContainsTest0 EfficiencyTest1 EmptyTest0 FindMinMaxTest0 FindMinMaxTest1 HeightTest InsertTest0 InsertTest1 InsertTest2 SizeTest0 SizeTest1 , ,ContainsTest1 EmptyTest1 FindMinMaxTest2- InsertAfterRemoveTest0 InsertAfterRemoveTest1- InsertAfterRemoveTest2- RemoveTest0 RemoveTest1 RemoveTest2 RemoveTest3 RemoveTest4 RemoveTest5- RemoveTest6 RemoveTest7 SizeTest2- , ,
51,Fri Oct 05 14:56:55 EDT 2018,61,19,Assignment2Suite,ContainsTest0 EfficiencyTest1 EmptyTest0 FindMinMaxTest0 FindMinMaxTest1 FindMinMaxTest2+ HeightTest InsertAfterRemoveTest1+ InsertAfterRemoveTest2+ InsertTest0 InsertTest1 InsertTest2 RemoveTest5+ SizeTest0 SizeTest1 SizeTest2+ , ,ContainsTest1 EmptyTest1 InsertAfterRemoveTest0 RemoveTest0 RemoveTest1 RemoveTest2 RemoveTest3 RemoveTest4 RemoveTest6 RemoveTest7 , ,
52,Fri Oct 05 14:57:19 EDT 2018,61,0,Assignment2Suite,ContainsTest0 EfficiencyTest1 EmptyTest0 FindMinMaxTest0 FindMinMaxTest1 HeightTest InsertAfterRemoveTest1 InsertAfterRemoveTest2 InsertTest0 InsertTest1 InsertTest2 RemoveTest5 RemoveTest7+ SizeTest0 SizeTest1 SizeTest2 , ,ContainsTest1 EmptyTest1 FindMinMaxTest2- InsertAfterRemoveTest0 RemoveTest0 RemoveTest1 RemoveTest2 RemoveTest3 RemoveTest4 RemoveTest6 , ,
53,Fri Oct 05 14:57:46 EDT 2018,80,19,Assignment2Suite,ContainsTest0 EfficiencyTest1 EmptyTest0 FindMinMaxTest0 FindMinMaxTest1 HeightTest InsertAfterRemoveTest1 InsertAfterRemoveTest2 InsertTest0 InsertTest1 InsertTest2 RemoveTest0+ RemoveTest1+ RemoveTest2+ RemoveTest3+ RemoveTest5 RemoveTest6+ RemoveTest7 SizeTest0 SizeTest1 SizeTest2 , ,ContainsTest1 EmptyTest1 FindMinMaxTest2 InsertAfterRemoveTest0 RemoveTest4 , ,
54,Fri Oct 05 15:04:29 EDT 2018,84,4,Assignment2Suite,ContainsTest0 ContainsTest1+ EfficiencyTest1 EmptyTest0 FindMinMaxTest0 FindMinMaxTest1 HeightTest InsertAfterRemoveTest1 InsertAfterRemoveTest2 InsertTest0 InsertTest1 InsertTest2 RemoveTest0 RemoveTest1 RemoveTest2 RemoveTest3 RemoveTest5 RemoveTest6 RemoveTest7 SizeTest0 SizeTest1 SizeTest2 , ,EmptyTest1 FindMinMaxTest2 InsertAfterRemoveTest0 RemoveTest4 , ,
55,Fri Oct 05 15:15:41 EDT 2018,84,0,Assignment2Suite,ContainsTest0 ContainsTest1 EfficiencyTest1 EmptyTest0 FindMinMaxTest0 FindMinMaxTest1 HeightTest InsertAfterRemoveTest1 InsertAfterRemoveTest2 InsertTest0 InsertTest1 InsertTest2 RemoveTest0 RemoveTest1 RemoveTest2 RemoveTest3 RemoveTest5 RemoveTest6 RemoveTest7 SizeTest0 SizeTest1 SizeTest2 , ,EmptyTest1 FindMinMaxTest2 InsertAfterRemoveTest0 RemoveTest4 , ,
56,Fri Oct 05 15:33:09 EDT 2018,80,-4,Assignment2Suite,ContainsTest0 ContainsTest1 EfficiencyTest1 EmptyTest0 FindMinMaxTest0 FindMinMaxTest1 HeightTest InsertAfterRemoveTest1 InsertAfterRemoveTest2 InsertTest0 InsertTest1 InsertTest2 RemoveTest0 RemoveTest1 RemoveTest2 RemoveTest3 RemoveTest5 RemoveTest6 RemoveTest7 SizeTest0 SizeTest1 , ,EmptyTest1 FindMinMaxTest2 InsertAfterRemoveTest0 RemoveTest4 SizeTest2- , ,
57,Fri Oct 05 15:33:33 EDT 2018,80,0,Assignment2Suite,ContainsTest0 ContainsTest1 EfficiencyTest1 EmptyTest0 FindMinMaxTest0 FindMinMaxTest1 HeightTest InsertAfterRemoveTest1 InsertAfterRemoveTest2 InsertTest0 InsertTest1 InsertTest2 RemoveTest0 RemoveTest1 RemoveTest2 RemoveTest3 RemoveTest5 RemoveTest6 RemoveTest7 SizeTest0 SizeTest1 , ,EmptyTest1 FindMinMaxTest2 InsertAfterRemoveTest0 RemoveTest4 SizeTest2 , ,
58,Fri Oct 05 15:43:18 EDT 2018,80,0,Assignment2Suite,ContainsTest0 ContainsTest1 EfficiencyTest1 EmptyTest0 FindMinMaxTest0 FindMinMaxTest1 HeightTest InsertAfterRemoveTest1 InsertAfterRemoveTest2 InsertTest0 InsertTest1 InsertTest2 RemoveTest0 RemoveTest1 RemoveTest2 RemoveTest3 RemoveTest5 RemoveTest6 RemoveTest7 SizeTest0 SizeTest1 , ,EmptyTest1 FindMinMaxTest2 InsertAfterRemoveTest0 RemoveTest4 SizeTest2 , ,
59,Fri Oct 05 15:45:49 EDT 2018,80,0,Assignment2Suite,ContainsTest0 ContainsTest1 EfficiencyTest1 EmptyTest0 FindMinMaxTest0 FindMinMaxTest1 HeightTest InsertAfterRemoveTest1 InsertAfterRemoveTest2 InsertTest0 InsertTest1 InsertTest2 RemoveTest0 RemoveTest1 RemoveTest2 RemoveTest3 RemoveTest5 RemoveTest6 RemoveTest7 SizeTest0 SizeTest1 , ,EmptyTest1 FindMinMaxTest2 InsertAfterRemoveTest0 RemoveTest4 SizeTest2 , ,
60,Fri Oct 05 15:51:18 EDT 2018,73,-7,Assignment2Suite,ContainsTest0 ContainsTest1 EfficiencyTest1 EmptyTest0 FindMinMaxTest0 FindMinMaxTest1 HeightTest InsertAfterRemoveTest1 InsertAfterRemoveTest2 InsertTest0 InsertTest1 InsertTest2 RemoveTest0 RemoveTest1 RemoveTest2 RemoveTest3 RemoveTest6 SizeTest0 SizeTest1 , ,EmptyTest1 FindMinMaxTest2 InsertAfterRemoveTest0 RemoveTest4 RemoveTest5- RemoveTest7- SizeTest2 , ,
61,Fri Oct 05 15:51:37 EDT 2018,80,7,Assignment2Suite,ContainsTest0 ContainsTest1 EfficiencyTest1 EmptyTest0 FindMinMaxTest0 FindMinMaxTest1 HeightTest InsertAfterRemoveTest1 InsertAfterRemoveTest2 InsertTest0 InsertTest1 InsertTest2 RemoveTest0 RemoveTest1 RemoveTest2 RemoveTest3 RemoveTest5+ RemoveTest6 RemoveTest7+ SizeTest0 SizeTest1 , ,EmptyTest1 FindMinMaxTest2 InsertAfterRemoveTest0 RemoveTest4 SizeTest2 , ,
62,Fri Oct 05 16:13:30 EDT 2018,80,0,Assignment2Suite,ContainsTest0 ContainsTest1 EfficiencyTest1 EmptyTest0 FindMinMaxTest0 FindMinMaxTest1 HeightTest InsertAfterRemoveTest1 InsertAfterRemoveTest2 InsertTest0 InsertTest1 InsertTest2 RemoveTest0 RemoveTest1 RemoveTest2 RemoveTest3 RemoveTest5 RemoveTest6 RemoveTest7 SizeTest0 SizeTest1 , ,EmptyTest1 FindMinMaxTest2 InsertAfterRemoveTest0 RemoveTest4 SizeTest2 , ,
63,Fri Oct 05 16:14:32 EDT 2018,57,-23,Assignment2Suite,ContainsTest0 ContainsTest1 EfficiencyTest1 EmptyTest0 FindMinMaxTest0 FindMinMaxTest1 FindMinMaxTest2+ HeightTest InsertAfterRemoveTest1 InsertAfterRemoveTest2 InsertTest0 InsertTest1 InsertTest2 SizeTest0 SizeTest1 , ,EmptyTest1 InsertAfterRemoveTest0 RemoveTest0- RemoveTest1- RemoveTest2- RemoveTest3- RemoveTest4 RemoveTest5- RemoveTest6- RemoveTest7- SizeTest2 , ,
64,Fri Oct 05 16:33:46 EDT 2018,69,12,Assignment2Suite,ContainsTest0 ContainsTest1 EfficiencyTest1 EmptyTest0 FindMinMaxTest0 FindMinMaxTest1 HeightTest InsertAfterRemoveTest1 InsertAfterRemoveTest2 InsertTest0 InsertTest1 InsertTest2 RemoveTest1+ RemoveTest2+ RemoveTest3+ RemoveTest6+ SizeTest0 SizeTest1 , ,EmptyTest1 FindMinMaxTest2- InsertAfterRemoveTest0 RemoveTest0 RemoveTest4 RemoveTest5 RemoveTest7 SizeTest2 , ,
65,Fri Oct 05 16:35:43 EDT 2018,69,0,Assignment2Suite,ContainsTest0 ContainsTest1 EfficiencyTest1 EmptyTest0 FindMinMaxTest0 FindMinMaxTest1 HeightTest InsertAfterRemoveTest1 InsertAfterRemoveTest2 InsertTest0 InsertTest1 InsertTest2 RemoveTest1 RemoveTest2 RemoveTest3 RemoveTest6 SizeTest0 SizeTest1 , ,EmptyTest1 FindMinMaxTest2 InsertAfterRemoveTest0 RemoveTest0 RemoveTest4 RemoveTest5 RemoveTest7 SizeTest2 , ,
66,Fri Oct 05 16:52:03 EDT 2018,80,11,Assignment2Suite,ContainsTest0 ContainsTest1 EfficiencyTest1 EmptyTest0 FindMinMaxTest0 FindMinMaxTest1 HeightTest InsertAfterRemoveTest1 InsertAfterRemoveTest2 InsertTest0 InsertTest1 InsertTest2 RemoveTest0+ RemoveTest1 RemoveTest2 RemoveTest3 RemoveTest5+ RemoveTest6 RemoveTest7+ SizeTest0 SizeTest1 , ,EmptyTest1 FindMinMaxTest2 InsertAfterRemoveTest0 RemoveTest4 SizeTest2 , ,
67,Fri Oct 05 16:54:41 EDT 2018,42,-38,Assignment2Suite,ContainsTest0 EfficiencyTest1 EmptyTest0 FindMinMaxTest0 FindMinMaxTest1 HeightTest InsertTest0 InsertTest1 InsertTest2 SizeTest0 SizeTest1 , ,ContainsTest1- EmptyTest1 FindMinMaxTest2 InsertAfterRemoveTest0 InsertAfterRemoveTest1- InsertAfterRemoveTest2- RemoveTest0- RemoveTest1- RemoveTest2- RemoveTest3- RemoveTest4 RemoveTest5- RemoveTest6- RemoveTest7- SizeTest2 , ,
68,Fri Oct 05 16:55:09 EDT 2018,57,15,Assignment2Suite,ContainsTest0 ContainsTest1+ EfficiencyTest1 EmptyTest0 FindMinMaxTest0 FindMinMaxTest1 HeightTest InsertAfterRemoveTest1+ InsertAfterRemoveTest2+ InsertTest0 InsertTest1 InsertTest2 RemoveTest5+ SizeTest0 SizeTest1 , ,EmptyTest1 FindMinMaxTest2 InsertAfterRemoveTest0 RemoveTest0 RemoveTest1 RemoveTest2 RemoveTest3 RemoveTest4 RemoveTest6 RemoveTest7 SizeTest2 , ,
69,Fri Oct 05 16:56:08 EDT 2018,65,8,Assignment2Suite,ContainsTest0 ContainsTest1 EfficiencyTest1 EmptyTest0 FindMinMaxTest0 FindMinMaxTest1 FindMinMaxTest2+ HeightTest InsertAfterRemoveTest1 InsertAfterRemoveTest2 InsertTest0 InsertTest1 InsertTest2 RemoveTest1+ RemoveTest6+ SizeTest0 SizeTest1 , ,EmptyTest1 InsertAfterRemoveTest0 RemoveTest0 RemoveTest2 RemoveTest3 RemoveTest4 RemoveTest5- RemoveTest7 SizeTest2 , ,
70,Fri Oct 05 16:56:35 EDT 2018,65,0,Assignment2Suite,ContainsTest0 ContainsTest1 EfficiencyTest1 EmptyTest0 FindMinMaxTest0 FindMinMaxTest1 FindMinMaxTest2 HeightTest InsertAfterRemoveTest1 InsertAfterRemoveTest2 InsertTest0 InsertTest1 InsertTest2 RemoveTest1 RemoveTest6 SizeTest0 SizeTest1 , ,EmptyTest1 InsertAfterRemoveTest0 RemoveTest0 RemoveTest2 RemoveTest3 RemoveTest4 RemoveTest5 RemoveTest7 SizeTest2 , ,
71,Fri Oct 05 16:57:07 EDT 2018,65,0,Assignment2Suite,ContainsTest0 ContainsTest1 EfficiencyTest1 EmptyTest0 FindMinMaxTest0 FindMinMaxTest1 FindMinMaxTest2 HeightTest InsertAfterRemoveTest1 InsertAfterRemoveTest2 InsertTest0 InsertTest1 InsertTest2 RemoveTest1 RemoveTest6 SizeTest0 SizeTest1 , ,EmptyTest1 InsertAfterRemoveTest0 RemoveTest0 RemoveTest2 RemoveTest3 RemoveTest4 RemoveTest5 RemoveTest7 SizeTest2 , ,
72,Fri Oct 05 16:58:48 EDT 2018,65,0,Assignment2Suite,ContainsTest0 ContainsTest1 EfficiencyTest1 EmptyTest0 FindMinMaxTest0 FindMinMaxTest1 FindMinMaxTest2 HeightTest InsertAfterRemoveTest1 InsertAfterRemoveTest2 InsertTest0 InsertTest1 InsertTest2 RemoveTest1 RemoveTest6 SizeTest0 SizeTest1 , ,EmptyTest1 InsertAfterRemoveTest0 RemoveTest0 RemoveTest2 RemoveTest3 RemoveTest4 RemoveTest5 RemoveTest7 SizeTest2 , ,
73,Fri Oct 05 17:06:14 EDT 2018,57,-8,Assignment2Suite,ContainsTest0 ContainsTest1 EfficiencyTest1 EmptyTest0 FindMinMaxTest0 FindMinMaxTest1 HeightTest InsertAfterRemoveTest1 InsertAfterRemoveTest2 InsertTest0 InsertTest1 InsertTest2 RemoveTest5+ SizeTest0 SizeTest1 , ,EmptyTest1 FindMinMaxTest2- InsertAfterRemoveTest0 RemoveTest0 RemoveTest1- RemoveTest2 RemoveTest3 RemoveTest4 RemoveTest6- RemoveTest7 SizeTest2 , ,
74,Fri Oct 05 17:09:51 EDT 2018,57,0,Assignment2Suite,ContainsTest0 ContainsTest1 EfficiencyTest1 EmptyTest0 FindMinMaxTest0 FindMinMaxTest1 HeightTest InsertAfterRemoveTest1 InsertAfterRemoveTest2 InsertTest0 InsertTest1 InsertTest2 RemoveTest5 SizeTest0 SizeTest1 , ,EmptyTest1 FindMinMaxTest2 InsertAfterRemoveTest0 RemoveTest0 RemoveTest1 RemoveTest2 RemoveTest3 RemoveTest4 RemoveTest6 RemoveTest7 SizeTest2 , ,
75,Fri Oct 05 17:14:31 EDT 2018,57,0,Assignment2Suite,ContainsTest0 ContainsTest1 EfficiencyTest1 EmptyTest0 FindMinMaxTest0 FindMinMaxTest1 HeightTest InsertAfterRemoveTest1 InsertAfterRemoveTest2 InsertTest0 InsertTest1 InsertTest2 SizeTest0 SizeTest1 SizeTest2+ , ,EmptyTest1 FindMinMaxTest2 InsertAfterRemoveTest0 RemoveTest0 RemoveTest1 RemoveTest2 RemoveTest3 RemoveTest4 RemoveTest5- RemoveTest6 RemoveTest7 , ,
76,Fri Oct 05 17:14:48 EDT 2018,57,0,Assignment2Suite,ContainsTest0 ContainsTest1 EfficiencyTest1 EmptyTest0 FindMinMaxTest0 FindMinMaxTest1 HeightTest InsertAfterRemoveTest1 InsertAfterRemoveTest2 InsertTest0 InsertTest1 InsertTest2 SizeTest0 SizeTest1 SizeTest2 , ,EmptyTest1 FindMinMaxTest2 InsertAfterRemoveTest0 RemoveTest0 RemoveTest1 RemoveTest2 RemoveTest3 RemoveTest4 RemoveTest5 RemoveTest6 RemoveTest7 , ,
77,Fri Oct 05 18:35:57 EDT 2018,69,12,Assignment2Suite,ContainsTest0 EfficiencyTest1 EmptyTest0 FindMinMaxTest0 FindMinMaxTest1 FindMinMaxTest2+ HeightTest InsertAfterRemoveTest1 InsertAfterRemoveTest2 InsertTest0 InsertTest1 InsertTest2 RemoveTest0+ RemoveTest1+ RemoveTest4+ RemoveTest5+ SizeTest0 SizeTest1 , ,ContainsTest1- EmptyTest1 InsertAfterRemoveTest0 RemoveTest2 RemoveTest3 RemoveTest6 RemoveTest7 SizeTest2- , ,
78,Fri Oct 05 19:05:13 EDT 2018,73,4,Assignment2Suite,ContainsTest0 EfficiencyTest1 EmptyTest0 FindMinMaxTest0 FindMinMaxTest1 FindMinMaxTest2 HeightTest InsertAfterRemoveTest1 InsertAfterRemoveTest2 InsertTest0 InsertTest1 InsertTest2 RemoveTest0 RemoveTest1 RemoveTest3+ RemoveTest4 RemoveTest5 SizeTest0 SizeTest1 , ,ContainsTest1 EmptyTest1 InsertAfterRemoveTest0 RemoveTest2 RemoveTest6 RemoveTest7 SizeTest2 , ,
79,Fri Oct 05 19:05:59 EDT 2018,69,-4,Assignment2Suite,ContainsTest0 EfficiencyTest1 EmptyTest0 FindMinMaxTest0 FindMinMaxTest1 FindMinMaxTest2 HeightTest InsertAfterRemoveTest1 InsertAfterRemoveTest2 InsertTest0 InsertTest1 InsertTest2 RemoveTest0 RemoveTest1 RemoveTest4 RemoveTest5 SizeTest0 SizeTest1 , ,ContainsTest1 EmptyTest1 InsertAfterRemoveTest0 RemoveTest2 RemoveTest3- RemoveTest6 RemoveTest7 SizeTest2 , ,
80,Fri Oct 05 19:07:53 EDT 2018,73,4,Assignment2Suite,ContainsTest0 EfficiencyTest1 EmptyTest0 FindMinMaxTest0 FindMinMaxTest1 FindMinMaxTest2 HeightTest InsertAfterRemoveTest1 InsertAfterRemoveTest2 InsertTest0 InsertTest1 InsertTest2 RemoveTest0 RemoveTest1 RemoveTest3+ RemoveTest4 RemoveTest5 SizeTest0 SizeTest1 , ,ContainsTest1 EmptyTest1 InsertAfterRemoveTest0 RemoveTest2 RemoveTest6 RemoveTest7 SizeTest2 , ,
81,Fri Oct 05 19:10:48 EDT 2018,76,3,Assignment2Suite,ContainsTest0 ContainsTest1+ EfficiencyTest1 EmptyTest0 FindMinMaxTest0 FindMinMaxTest1 FindMinMaxTest2 HeightTest InsertAfterRemoveTest1 InsertAfterRemoveTest2 InsertTest0 InsertTest1 InsertTest2 RemoveTest0 RemoveTest1 RemoveTest3 RemoveTest4 RemoveTest5 SizeTest0 SizeTest1 , ,EmptyTest1 InsertAfterRemoveTest0 RemoveTest2 RemoveTest6 RemoveTest7 SizeTest2 , ,
82,Fri Oct 05 19:11:29 EDT 2018,76,0,Assignment2Suite,ContainsTest0 ContainsTest1 EfficiencyTest1 EmptyTest0 FindMinMaxTest0 FindMinMaxTest1 FindMinMaxTest2 HeightTest InsertAfterRemoveTest1 InsertAfterRemoveTest2 InsertTest0 InsertTest1 InsertTest2 RemoveTest0 RemoveTest1 RemoveTest3 RemoveTest4 RemoveTest5 SizeTest0 SizeTest1 , ,EmptyTest1 InsertAfterRemoveTest0 RemoveTest2 RemoveTest6 RemoveTest7 SizeTest2 , ,
83,Fri Oct 05 19:12:34 EDT 2018,69,-7,Assignment2Suite,ContainsTest0 EfficiencyTest1 EmptyTest0 FindMinMaxTest0 FindMinMaxTest1 FindMinMaxTest2 HeightTest InsertAfterRemoveTest1 InsertAfterRemoveTest2 InsertTest0 InsertTest1 InsertTest2 RemoveTest0 RemoveTest1 RemoveTest4 RemoveTest5 SizeTest0 SizeTest1 , ,ContainsTest1- EmptyTest1 InsertAfterRemoveTest0 RemoveTest2 RemoveTest3- RemoveTest6 RemoveTest7 SizeTest2 , ,
84,Fri Oct 05 19:13:09 EDT 2018,76,7,Assignment2Suite,ContainsTest0 ContainsTest1+ EfficiencyTest1 EmptyTest0 FindMinMaxTest0 FindMinMaxTest1 FindMinMaxTest2 HeightTest InsertAfterRemoveTest1 InsertAfterRemoveTest2 InsertTest0 InsertTest1 InsertTest2 RemoveTest0 RemoveTest1 RemoveTest3+ RemoveTest4 RemoveTest5 SizeTest0 SizeTest1 , ,EmptyTest1 InsertAfterRemoveTest0 RemoveTest2 RemoveTest6 RemoveTest7 SizeTest2 , ,
85,Fri Oct 05 19:19:55 EDT 2018,42,-34,Assignment2Suite,ContainsTest0 EfficiencyTest1 EmptyTest0 FindMinMaxTest0 FindMinMaxTest1 HeightTest InsertTest0 InsertTest1 InsertTest2 SizeTest0 SizeTest1 , ,ContainsTest1- EmptyTest1 FindMinMaxTest2- InsertAfterRemoveTest0 InsertAfterRemoveTest1- InsertAfterRemoveTest2- RemoveTest0- RemoveTest1- RemoveTest2 RemoveTest3- RemoveTest4- RemoveTest5- RemoveTest6 RemoveTest7 SizeTest2 , ,
86,Fri Oct 05 19:21:16 EDT 2018,76,34,Assignment2Suite,ContainsTest0 ContainsTest1+ EfficiencyTest1 EmptyTest0 FindMinMaxTest0 FindMinMaxTest1 FindMinMaxTest2+ HeightTest InsertAfterRemoveTest1+ InsertAfterRemoveTest2+ InsertTest0 InsertTest1 InsertTest2 RemoveTest0+ RemoveTest1+ RemoveTest3+ RemoveTest4+ RemoveTest5+ SizeTest0 SizeTest1 , ,EmptyTest1 InsertAfterRemoveTest0 RemoveTest2 RemoveTest6 RemoveTest7 SizeTest2 , ,
87,Fri Oct 05 19:27:39 EDT 2018,76,0,Assignment2Suite,ContainsTest0 ContainsTest1 EfficiencyTest1 EmptyTest0 FindMinMaxTest0 FindMinMaxTest1 FindMinMaxTest2 HeightTest InsertAfterRemoveTest1 InsertAfterRemoveTest2 InsertTest0 InsertTest1 InsertTest2 RemoveTest0 RemoveTest1 RemoveTest3 RemoveTest4 RemoveTest5 SizeTest0 SizeTest1 , ,EmptyTest1 InsertAfterRemoveTest0 RemoveTest2 RemoveTest6 RemoveTest7 SizeTest2 , ,
88,Fri Oct 05 19:32:49 EDT 2018,73,-3,Assignment2Suite,ContainsTest0 EfficiencyTest1 EmptyTest0 FindMinMaxTest0 FindMinMaxTest1 FindMinMaxTest2 HeightTest InsertAfterRemoveTest1 InsertAfterRemoveTest2 InsertTest0 InsertTest1 InsertTest2 RemoveTest0 RemoveTest1 RemoveTest3 RemoveTest4 RemoveTest5 SizeTest0 SizeTest1 , ,ContainsTest1- EmptyTest1 InsertAfterRemoveTest0 RemoveTest2 RemoveTest6 RemoveTest7 SizeTest2 , ,
89,Fri Oct 05 19:33:59 EDT 2018,73,0,Assignment2Suite,ContainsTest0 EfficiencyTest1 EmptyTest0 FindMinMaxTest0 FindMinMaxTest1 FindMinMaxTest2 HeightTest InsertAfterRemoveTest1 InsertAfterRemoveTest2 InsertTest0 InsertTest1 InsertTest2 RemoveTest0 RemoveTest1 RemoveTest3 RemoveTest4 RemoveTest5 SizeTest0 SizeTest1 , ,ContainsTest1 EmptyTest1 InsertAfterRemoveTest0 RemoveTest2 RemoveTest6 RemoveTest7 SizeTest2 , ,
90,Fri Oct 05 19:35:55 EDT 2018,76,3,Assignment2Suite,ContainsTest0 ContainsTest1+ EfficiencyTest1 EmptyTest0 FindMinMaxTest0 FindMinMaxTest1 FindMinMaxTest2 HeightTest InsertAfterRemoveTest1 InsertAfterRemoveTest2 InsertTest0 InsertTest1 InsertTest2 RemoveTest0 RemoveTest1 RemoveTest3 RemoveTest4 RemoveTest5 SizeTest0 SizeTest1 , ,EmptyTest1 InsertAfterRemoveTest0 RemoveTest2 RemoveTest6 RemoveTest7 SizeTest2 , ,
91,Fri Oct 05 20:10:51 EDT 2018,76,0,Assignment2Suite,ContainsTest0 EfficiencyTest1 EmptyTest0 FindMinMaxTest0 FindMinMaxTest1 FindMinMaxTest2 HeightTest InsertAfterRemoveTest1 InsertAfterRemoveTest2 InsertTest0 InsertTest1 InsertTest2 RemoveTest0 RemoveTest1 RemoveTest3 RemoveTest4 RemoveTest5 SizeTest0 SizeTest1 SizeTest2+ , ,ContainsTest1- EmptyTest1 InsertAfterRemoveTest0 RemoveTest2 RemoveTest6 RemoveTest7 , ,
92,Fri Oct 05 20:13:05 EDT 2018,76,0,Assignment2Suite,ContainsTest0 EfficiencyTest1 EmptyTest0 FindMinMaxTest0 FindMinMaxTest1 FindMinMaxTest2 HeightTest InsertAfterRemoveTest1 InsertAfterRemoveTest2 InsertTest0 InsertTest1 InsertTest2 RemoveTest0 RemoveTest1 RemoveTest3 RemoveTest4 RemoveTest5 SizeTest0 SizeTest1 SizeTest2 , ,ContainsTest1 EmptyTest1 InsertAfterRemoveTest0 RemoveTest2 RemoveTest6 RemoveTest7 , ,
93,Fri Oct 05 20:19:27 EDT 2018,76,0,Assignment2Suite,ContainsTest0 EfficiencyTest1 EmptyTest0 FindMinMaxTest0 FindMinMaxTest1 FindMinMaxTest2 HeightTest InsertAfterRemoveTest1 InsertAfterRemoveTest2 InsertTest0 InsertTest1 InsertTest2 RemoveTest0 RemoveTest1 RemoveTest3 RemoveTest4 RemoveTest5 SizeTest0 SizeTest1 SizeTest2 , ,ContainsTest1 EmptyTest1 InsertAfterRemoveTest0 RemoveTest2 RemoveTest6 RemoveTest7 , ,
94,Fri Oct 05 20:32:03 EDT 2018,76,0,Assignment2Suite,ContainsTest0 EfficiencyTest1 EmptyTest0 FindMinMaxTest0 FindMinMaxTest1 FindMinMaxTest2 HeightTest InsertAfterRemoveTest1 InsertAfterRemoveTest2 InsertTest0 InsertTest1 InsertTest2 RemoveTest0 RemoveTest1 RemoveTest3 RemoveTest4 RemoveTest5 SizeTest0 SizeTest1 SizeTest2 , ,ContainsTest1 EmptyTest1 InsertAfterRemoveTest0 RemoveTest2 RemoveTest6 RemoveTest7 , ,
95,Fri Oct 05 20:33:38 EDT 2018,76,0,Assignment2Suite,ContainsTest0 EfficiencyTest1 EmptyTest0 FindMinMaxTest0 FindMinMaxTest1 FindMinMaxTest2 HeightTest InsertAfterRemoveTest1 InsertAfterRemoveTest2 InsertTest0 InsertTest1 InsertTest2 RemoveTest0 RemoveTest1 RemoveTest3 RemoveTest4 RemoveTest5 SizeTest0 SizeTest1 SizeTest2 , ,ContainsTest1 EmptyTest1 InsertAfterRemoveTest0 RemoveTest2 RemoveTest6 RemoveTest7 , ,
96,Fri Oct 05 20:34:13 EDT 2018,76,0,Assignment2Suite,ContainsTest0 EfficiencyTest1 EmptyTest0 FindMinMaxTest0 FindMinMaxTest1 FindMinMaxTest2 HeightTest InsertAfterRemoveTest1 InsertAfterRemoveTest2 InsertTest0 InsertTest1 InsertTest2 RemoveTest0 RemoveTest1 RemoveTest3 RemoveTest4 RemoveTest5 SizeTest0 SizeTest1 SizeTest2 , ,ContainsTest1 EmptyTest1 InsertAfterRemoveTest0 RemoveTest2 RemoveTest6 RemoveTest7 , ,
97,Fri Oct 05 20:40:04 EDT 2018,65,-11,Assignment2Suite,ContainsTest0 EfficiencyTest1 EmptyTest0 FindMinMaxTest0 FindMinMaxTest1 HeightTest InsertAfterRemoveTest1 InsertAfterRemoveTest2 InsertTest0 InsertTest1 InsertTest2 RemoveTest0 RemoveTest1 RemoveTest3 SizeTest0 SizeTest1 SizeTest2 , ,ContainsTest1 EmptyTest1 FindMinMaxTest2- InsertAfterRemoveTest0 RemoveTest2 RemoveTest4- RemoveTest5- RemoveTest6 RemoveTest7 , ,
98,Fri Oct 05 20:45:34 EDT 2018,65,0,Assignment2Suite,ContainsTest0 EfficiencyTest1 EmptyTest0 FindMinMaxTest0 FindMinMaxTest1 HeightTest InsertAfterRemoveTest1 InsertAfterRemoveTest2 InsertTest0 InsertTest1 InsertTest2 RemoveTest0 RemoveTest1 RemoveTest3 SizeTest0 SizeTest1 SizeTest2 , ,ContainsTest1 EmptyTest1 FindMinMaxTest2 InsertAfterRemoveTest0 RemoveTest2 RemoveTest4 RemoveTest5 RemoveTest6 RemoveTest7 , ,
99,Fri Oct 05 20:50:14 EDT 2018,76,11,Assignment2Suite,ContainsTest0 EfficiencyTest1 EmptyTest0 FindMinMaxTest0 FindMinMaxTest1 FindMinMaxTest2+ HeightTest InsertAfterRemoveTest1 InsertAfterRemoveTest2 InsertTest0 InsertTest1 InsertTest2 RemoveTest0 RemoveTest1 RemoveTest3 RemoveTest4+ RemoveTest5+ SizeTest0 SizeTest1 SizeTest2 , ,ContainsTest1 EmptyTest1 InsertAfterRemoveTest0 RemoveTest2 RemoveTest6 RemoveTest7 , ,
100,Fri Oct 05 21:00:36 EDT 2018,53,-23,Assignment2Suite,ContainsTest0 EfficiencyTest1 EmptyTest0 FindMinMaxTest0 FindMinMaxTest1 FindMinMaxTest2 HeightTest InsertAfterRemoveTest1 InsertAfterRemoveTest2 InsertTest0 InsertTest1 InsertTest2 SizeTest0 SizeTest1 , ,ContainsTest1 EmptyTest1 InsertAfterRemoveTest0 RemoveTest0- RemoveTest1- RemoveTest2 RemoveTest3- RemoveTest4- RemoveTest5- RemoveTest6 RemoveTest7 SizeTest2- , ,
101,Fri Oct 05 21:02:57 EDT 2018,76,23,Assignment2Suite,ContainsTest0 EfficiencyTest1 EmptyTest0 FindMinMaxTest0 FindMinMaxTest1 FindMinMaxTest2 HeightTest InsertAfterRemoveTest1 InsertAfterRemoveTest2 InsertTest0 InsertTest1 InsertTest2 RemoveTest0+ RemoveTest1+ RemoveTest3+ RemoveTest4+ RemoveTest5+ SizeTest0 SizeTest1 SizeTest2+ , ,ContainsTest1 EmptyTest1 InsertAfterRemoveTest0 RemoveTest2 RemoveTest6 RemoveTest7 , ,
102,Sat Oct 06 00:38:22 EDT 2018,76,0,Assignment2Suite,ContainsTest0 EfficiencyTest1 EmptyTest0 FindMinMaxTest0 FindMinMaxTest1 FindMinMaxTest2 HeightTest InsertAfterRemoveTest1 InsertAfterRemoveTest2 InsertTest0 InsertTest1 InsertTest2 RemoveTest0 RemoveTest1 RemoveTest3 RemoveTest4 RemoveTest5 SizeTest0 SizeTest1 SizeTest2 , ,ContainsTest1 EmptyTest1 InsertAfterRemoveTest0 RemoveTest2 RemoveTest6 RemoveTest7 , ,
103,Sat Oct 06 13:25:47 EDT 2018,76,0,Assignment2Suite,ContainsTest0 EfficiencyTest1 EmptyTest0 FindMinMaxTest0 FindMinMaxTest1 FindMinMaxTest2 HeightTest InsertAfterRemoveTest1 InsertAfterRemoveTest2 InsertTest0 InsertTest1 InsertTest2 RemoveTest0 RemoveTest1 RemoveTest3 RemoveTest4 RemoveTest5 SizeTest0 SizeTest1 SizeTest2 , ,ContainsTest1 EmptyTest1 InsertAfterRemoveTest0 RemoveTest2 RemoveTest6 RemoveTest7 , ,
104,Sat Oct 06 13:29:08 EDT 2018,76,0,Assignment2Suite,ContainsTest0 EfficiencyTest1 EmptyTest0 FindMinMaxTest0 FindMinMaxTest1 FindMinMaxTest2 HeightTest InsertAfterRemoveTest1 InsertAfterRemoveTest2 InsertTest0 InsertTest1 InsertTest2 RemoveTest0 RemoveTest1 RemoveTest3 RemoveTest4 RemoveTest5 SizeTest0 SizeTest1 SizeTest2 , ,ContainsTest1 EmptyTest1 InsertAfterRemoveTest0 RemoveTest2 RemoveTest6 RemoveTest7 , ,
105,Sat Oct 06 13:30:39 EDT 2018,76,0,Assignment2Suite,ContainsTest0 ContainsTest1+ EfficiencyTest1 EmptyTest0 FindMinMaxTest0 FindMinMaxTest1 FindMinMaxTest2 HeightTest InsertAfterRemoveTest1 InsertAfterRemoveTest2 InsertTest0 InsertTest1 InsertTest2 RemoveTest0 RemoveTest1 RemoveTest3 RemoveTest4 RemoveTest5 SizeTest0 SizeTest1 , ,EmptyTest1 InsertAfterRemoveTest0 RemoveTest2 RemoveTest6 RemoveTest7 SizeTest2- , ,
106,Sat Oct 06 13:59:14 EDT 2018,80,4,Assignment2Suite,ContainsTest0 ContainsTest1 EfficiencyTest1 EmptyTest0 EmptyTest1+ FindMinMaxTest0 FindMinMaxTest1 FindMinMaxTest2 HeightTest InsertAfterRemoveTest1 InsertAfterRemoveTest2 InsertTest0 InsertTest1 InsertTest2 RemoveTest0 RemoveTest1 RemoveTest3 RemoveTest4 RemoveTest5 SizeTest0 SizeTest1 , ,InsertAfterRemoveTest0 RemoveTest2 RemoveTest6 RemoveTest7 SizeTest2 , ,
107,Sat Oct 06 14:02:19 EDT 2018,80,0,Assignment2Suite,ContainsTest0 ContainsTest1 EfficiencyTest1 EmptyTest0 EmptyTest1 FindMinMaxTest0 FindMinMaxTest1 FindMinMaxTest2 HeightTest InsertAfterRemoveTest1 InsertAfterRemoveTest2 InsertTest0 InsertTest1 InsertTest2 RemoveTest0 RemoveTest1 RemoveTest3 RemoveTest4 RemoveTest5 SizeTest0 SizeTest1 , ,InsertAfterRemoveTest0 RemoveTest2 RemoveTest6 RemoveTest7 SizeTest2 , ,
108,Sat Oct 06 14:05:54 EDT 2018,42,-38,Assignment2Suite,ContainsTest0 EfficiencyTest1 EmptyTest0 FindMinMaxTest0 FindMinMaxTest1 HeightTest InsertTest0 InsertTest1 InsertTest2 SizeTest0 SizeTest1 , ,ContainsTest1- EmptyTest1- FindMinMaxTest2- InsertAfterRemoveTest0 InsertAfterRemoveTest1- InsertAfterRemoveTest2- RemoveTest0- RemoveTest1- RemoveTest2 RemoveTest3- RemoveTest4- RemoveTest5- RemoveTest6 RemoveTest7 SizeTest2 , ,
109,Sat Oct 06 14:06:12 EDT 2018,76,34,Assignment2Suite,ContainsTest0 ContainsTest1+ EfficiencyTest1 EmptyTest0 FindMinMaxTest0 FindMinMaxTest1 FindMinMaxTest2+ HeightTest InsertAfterRemoveTest1+ InsertAfterRemoveTest2+ InsertTest0 InsertTest1 InsertTest2 RemoveTest0+ RemoveTest1+ RemoveTest3+ RemoveTest4+ RemoveTest5+ SizeTest0 SizeTest1 , ,EmptyTest1 InsertAfterRemoveTest0 RemoveTest2 RemoveTest6 RemoveTest7 SizeTest2 , ,
110,Sat Oct 06 16:27:28 EDT 2018,88,12,Assignment2Suite,ContainsTest0 ContainsTest1 EfficiencyTest1 EmptyTest0 FindMinMaxTest0 FindMinMaxTest1 FindMinMaxTest2 HeightTest InsertAfterRemoveTest1 InsertAfterRemoveTest2 InsertTest0 InsertTest1 InsertTest2 RemoveTest0 RemoveTest1 RemoveTest2+ RemoveTest3 RemoveTest4 RemoveTest5 RemoveTest6+ RemoveTest7+ SizeTest0 SizeTest1 , ,EmptyTest1 InsertAfterRemoveTest0 SizeTest2 , ,
111,Sat Oct 06 16:28:29 EDT 2018,88,0,Assignment2Suite,ContainsTest0 ContainsTest1 EfficiencyTest1 EmptyTest0 FindMinMaxTest0 FindMinMaxTest1 FindMinMaxTest2 HeightTest InsertAfterRemoveTest1 InsertAfterRemoveTest2 InsertTest0 InsertTest1 InsertTest2 RemoveTest0 RemoveTest1 RemoveTest2 RemoveTest3 RemoveTest4 RemoveTest5 RemoveTest6 RemoveTest7 SizeTest0 SizeTest1 , ,EmptyTest1 InsertAfterRemoveTest0 SizeTest2 , ,
112,Sat Oct 06 16:30:09 EDT 2018,46,-42,Assignment2Suite,ContainsTest0 EfficiencyTest1 EmptyTest0 FindMinMaxTest0 FindMinMaxTest1 FindMinMaxTest2 HeightTest InsertTest0 InsertTest1 InsertTest2 SizeTest0 SizeTest1 , ,ContainsTest1- EmptyTest1 InsertAfterRemoveTest0 InsertAfterRemoveTest1- InsertAfterRemoveTest2- RemoveTest0- RemoveTest1- RemoveTest2- RemoveTest3- RemoveTest4- RemoveTest5- RemoveTest6- RemoveTest7- SizeTest2 , ,
113,Sat Oct 06 16:36:50 EDT 2018,88,42,Assignment2Suite,ContainsTest0 ContainsTest1+ EfficiencyTest1 EmptyTest0 FindMinMaxTest0 FindMinMaxTest1 FindMinMaxTest2 HeightTest InsertAfterRemoveTest1+ InsertAfterRemoveTest2+ InsertTest0 InsertTest1 InsertTest2 RemoveTest0+ RemoveTest1+ RemoveTest2+ RemoveTest3+ RemoveTest4+ RemoveTest5+ RemoveTest6+ RemoveTest7+ SizeTest0 SizeTest1 , ,EmptyTest1 InsertAfterRemoveTest0 SizeTest2 , ,
114,Sat Oct 06 16:38:41 EDT 2018,88,0,Assignment2Suite,ContainsTest0 ContainsTest1 EfficiencyTest1 EmptyTest0 FindMinMaxTest0 FindMinMaxTest1 FindMinMaxTest2 HeightTest InsertAfterRemoveTest1 InsertAfterRemoveTest2 InsertTest0 InsertTest1 InsertTest2 RemoveTest0 RemoveTest1 RemoveTest2 RemoveTest3 RemoveTest4 RemoveTest5 RemoveTest6 RemoveTest7 SizeTest0 SizeTest1 , ,EmptyTest1 InsertAfterRemoveTest0 SizeTest2 , ,
115,Sat Oct 06 16:39:20 EDT 2018,88,0,Assignment2Suite,ContainsTest0 ContainsTest1 EfficiencyTest1 EmptyTest0 FindMinMaxTest0 FindMinMaxTest1 FindMinMaxTest2 HeightTest InsertAfterRemoveTest1 InsertAfterRemoveTest2 InsertTest0 InsertTest1 InsertTest2 RemoveTest0 RemoveTest1 RemoveTest2 RemoveTest3 RemoveTest4 RemoveTest5 RemoveTest6 RemoveTest7 SizeTest0 SizeTest1 , ,EmptyTest1 InsertAfterRemoveTest0 SizeTest2 , ,
116,Sat Oct 06 16:43:08 EDT 2018,76,-12,Assignment2Suite,ContainsTest0 ContainsTest1 EfficiencyTest1 EmptyTest0 FindMinMaxTest0 FindMinMaxTest1 HeightTest InsertAfterRemoveTest1 InsertAfterRemoveTest2 InsertTest0 InsertTest1 InsertTest2 RemoveTest0 RemoveTest1 RemoveTest2 RemoveTest3 RemoveTest6 RemoveTest7 SizeTest0 SizeTest1 , ,EmptyTest1 FindMinMaxTest2- InsertAfterRemoveTest0 RemoveTest4- RemoveTest5- SizeTest2 , ,
117,Sat Oct 06 16:43:44 EDT 2018,76,0,Assignment2Suite,ContainsTest0 ContainsTest1 EfficiencyTest1 EmptyTest0 FindMinMaxTest0 FindMinMaxTest1 HeightTest InsertAfterRemoveTest1 InsertAfterRemoveTest2 InsertTest0 InsertTest1 InsertTest2 RemoveTest0 RemoveTest1 RemoveTest2 RemoveTest3 RemoveTest6 RemoveTest7 SizeTest0 SizeTest1 , ,EmptyTest1 FindMinMaxTest2 InsertAfterRemoveTest0 RemoveTest4 RemoveTest5 SizeTest2 , ,
118,Sat Oct 06 16:44:57 EDT 2018,76,0,Assignment2Suite,ContainsTest0 ContainsTest1 EfficiencyTest1 EmptyTest0 FindMinMaxTest0 FindMinMaxTest1 HeightTest InsertAfterRemoveTest1 InsertAfterRemoveTest2 InsertTest0 InsertTest1 InsertTest2 RemoveTest0 RemoveTest1 RemoveTest2 RemoveTest3 RemoveTest6 RemoveTest7 SizeTest0 SizeTest1 , ,EmptyTest1 FindMinMaxTest2 InsertAfterRemoveTest0 RemoveTest4 RemoveTest5 SizeTest2 , ,
119,Sat Oct 06 16:45:09 EDT 2018,88,12,Assignment2Suite,ContainsTest0 ContainsTest1 EfficiencyTest1 EmptyTest0 FindMinMaxTest0 FindMinMaxTest1 FindMinMaxTest2+ HeightTest InsertAfterRemoveTest1 InsertAfterRemoveTest2 InsertTest0 InsertTest1 InsertTest2 RemoveTest0 RemoveTest1 RemoveTest2 RemoveTest3 RemoveTest4+ RemoveTest5+ RemoveTest6 RemoveTest7 SizeTest0 SizeTest1 , ,EmptyTest1 InsertAfterRemoveTest0 SizeTest2 , ,
120,Sat Oct 06 16:48:54 EDT 2018,61,-27,Assignment2Suite,ContainsTest0 ContainsTest1 EfficiencyTest1 EmptyTest0 FindMinMaxTest0 FindMinMaxTest1 FindMinMaxTest2 HeightTest InsertTest0 InsertTest1 InsertTest2 RemoveTest2 RemoveTest4 RemoveTest5 SizeTest0 SizeTest1 , ,EmptyTest1 InsertAfterRemoveTest0 InsertAfterRemoveTest1- InsertAfterRemoveTest2- RemoveTest0- RemoveTest1- RemoveTest3- RemoveTest6- RemoveTest7- SizeTest2 , ,
121,Sat Oct 06 16:50:38 EDT 2018,88,27,Assignment2Suite,ContainsTest0 ContainsTest1 EfficiencyTest1 EmptyTest0 FindMinMaxTest0 FindMinMaxTest1 FindMinMaxTest2 HeightTest InsertAfterRemoveTest1+ InsertAfterRemoveTest2+ InsertTest0 InsertTest1 InsertTest2 RemoveTest0+ RemoveTest1+ RemoveTest2 RemoveTest3+ RemoveTest4 RemoveTest5 RemoveTest6+ RemoveTest7+ SizeTest0 SizeTest1 , ,EmptyTest1 InsertAfterRemoveTest0 SizeTest2 , ,
122,Sat Oct 06 16:51:37 EDT 2018,88,0,Assignment2Suite,ContainsTest0 ContainsTest1 EfficiencyTest1 EmptyTest0 FindMinMaxTest0 FindMinMaxTest1 FindMinMaxTest2 HeightTest InsertAfterRemoveTest1 InsertAfterRemoveTest2 InsertTest0 InsertTest1 InsertTest2 RemoveTest0 RemoveTest1 RemoveTest2 RemoveTest3 RemoveTest4 RemoveTest5 RemoveTest6 RemoveTest7 SizeTest0 SizeTest1 , ,EmptyTest1 InsertAfterRemoveTest0 SizeTest2 , ,
123,Sat Oct 06 17:05:19 EDT 2018,7,-81,Assignment2Suite,EmptyTest0 SizeTest0 , ,ContainsTest0- ContainsTest1- EfficiencyTest1- EmptyTest1 FindMinMaxTest0- FindMinMaxTest1- FindMinMaxTest2- HeightTest- InsertAfterRemoveTest0 InsertAfterRemoveTest1- InsertAfterRemoveTest2- InsertTest0- InsertTest1- InsertTest2- RemoveTest0- RemoveTest1- RemoveTest2- RemoveTest3- RemoveTest4- RemoveTest5- RemoveTest6- RemoveTest7- SizeTest1- SizeTest2 , ,
124,Sat Oct 06 17:07:36 EDT 2018,7,0,Assignment2Suite,EmptyTest0 SizeTest0 , ,ContainsTest0 ContainsTest1 EfficiencyTest1 EmptyTest1 FindMinMaxTest0 FindMinMaxTest1 FindMinMaxTest2 HeightTest InsertAfterRemoveTest0 InsertAfterRemoveTest1 InsertAfterRemoveTest2 InsertTest0 InsertTest1 InsertTest2 RemoveTest0 RemoveTest1 RemoveTest2 RemoveTest3 RemoveTest4 RemoveTest5 RemoveTest6 RemoveTest7 SizeTest1 SizeTest2 , ,
125,Sat Oct 06 17:15:23 EDT 2018,88,81,Assignment2Suite,ContainsTest0+ ContainsTest1+ EfficiencyTest1+ EmptyTest0 FindMinMaxTest0+ FindMinMaxTest1+ FindMinMaxTest2+ HeightTest+ InsertAfterRemoveTest1+ InsertAfterRemoveTest2+ InsertTest0+ InsertTest1+ InsertTest2+ RemoveTest0+ RemoveTest1+ RemoveTest2+ RemoveTest3+ RemoveTest4+ RemoveTest5+ RemoveTest6+ RemoveTest7+ SizeTest0 SizeTest1+ , ,EmptyTest1 InsertAfterRemoveTest0 SizeTest2 , ,
126,Sat Oct 06 17:22:40 EDT 2018,46,-42,Assignment2Suite,ContainsTest0 EfficiencyTest1 EmptyTest0 FindMinMaxTest0 FindMinMaxTest1 HeightTest InsertTest0 InsertTest1 InsertTest2 RemoveTest7 SizeTest0 SizeTest1 , ,ContainsTest1- EmptyTest1 FindMinMaxTest2- InsertAfterRemoveTest0 InsertAfterRemoveTest1- InsertAfterRemoveTest2- RemoveTest0- RemoveTest1- RemoveTest2- RemoveTest3- RemoveTest4- RemoveTest5- RemoveTest6- SizeTest2 , ,
127,Sat Oct 06 17:23:55 EDT 2018,88,42,Assignment2Suite,ContainsTest0 ContainsTest1+ EfficiencyTest1 EmptyTest0 FindMinMaxTest0 FindMinMaxTest1 FindMinMaxTest2+ HeightTest InsertAfterRemoveTest1+ InsertAfterRemoveTest2+ InsertTest0 InsertTest1 InsertTest2 RemoveTest0+ RemoveTest1+ RemoveTest2+ RemoveTest3+ RemoveTest4+ RemoveTest5+ RemoveTest6+ RemoveTest7 SizeTest0 SizeTest1 , ,EmptyTest1 InsertAfterRemoveTest0 SizeTest2 , ,
128,Sat Oct 06 17:24:18 EDT 2018,88,0,Assignment2Suite,ContainsTest0 ContainsTest1 EfficiencyTest1 EmptyTest0 FindMinMaxTest0 FindMinMaxTest1 FindMinMaxTest2 HeightTest InsertAfterRemoveTest1 InsertAfterRemoveTest2 InsertTest0 InsertTest1 InsertTest2 RemoveTest0 RemoveTest1 RemoveTest2 RemoveTest3 RemoveTest4 RemoveTest5 RemoveTest6 RemoveTest7 SizeTest0 SizeTest1 , ,EmptyTest1 InsertAfterRemoveTest0 SizeTest2 , ,
129,Sat Oct 06 17:42:09 EDT 2018,88,0,Assignment2Suite,ContainsTest0 ContainsTest1 EfficiencyTest1 EmptyTest0 FindMinMaxTest0 FindMinMaxTest1 FindMinMaxTest2 HeightTest InsertAfterRemoveTest1 InsertAfterRemoveTest2 InsertTest0 InsertTest1 InsertTest2 RemoveTest0 RemoveTest1 RemoveTest2 RemoveTest3 RemoveTest4 RemoveTest5 RemoveTest6 RemoveTest7 SizeTest0 SizeTest1 , ,EmptyTest1 InsertAfterRemoveTest0 SizeTest2 , ,
130,Sat Oct 06 17:58:37 EDT 2018,88,0,Assignment2Suite,ContainsTest0 ContainsTest1 EfficiencyTest1 EmptyTest0 FindMinMaxTest0 FindMinMaxTest1 FindMinMaxTest2 HeightTest InsertAfterRemoveTest1 InsertAfterRemoveTest2 InsertTest0 InsertTest1 InsertTest2 RemoveTest0 RemoveTest1 RemoveTest2 RemoveTest3 RemoveTest4 RemoveTest5 RemoveTest6 RemoveTest7 SizeTest0 SizeTest1 , ,EmptyTest1 InsertAfterRemoveTest0 SizeTest2 , ,
131,Sat Oct 06 18:07:15 EDT 2018,88,0,Assignment2Suite,ContainsTest0 ContainsTest1 EfficiencyTest1 EmptyTest0 FindMinMaxTest0 FindMinMaxTest1 FindMinMaxTest2 HeightTest InsertAfterRemoveTest1 InsertAfterRemoveTest2 InsertTest0 InsertTest1 InsertTest2 RemoveTest0 RemoveTest1 RemoveTest2 RemoveTest3 RemoveTest4 RemoveTest5 RemoveTest6 RemoveTest7 SizeTest0 SizeTest1 , ,EmptyTest1 InsertAfterRemoveTest0 SizeTest2 , ,
132,Sat Oct 06 18:14:33 EDT 2018,92,4,Assignment2Suite,ContainsTest0 ContainsTest1 EfficiencyTest1 EmptyTest0 FindMinMaxTest0 FindMinMaxTest1 FindMinMaxTest2 HeightTest InsertAfterRemoveTest0+ InsertAfterRemoveTest1 InsertAfterRemoveTest2 InsertTest0 InsertTest1 InsertTest2 RemoveTest0 RemoveTest1 RemoveTest2 RemoveTest3 RemoveTest4 RemoveTest5 RemoveTest6 RemoveTest7 SizeTest0 SizeTest1 , ,EmptyTest1 SizeTest2 , ,
133,Sat Oct 06 18:23:10 EDT 2018,76,-16,Assignment2Suite,EfficiencyTest1 FindMinMaxTest0 FindMinMaxTest1 FindMinMaxTest2 HeightTest InsertAfterRemoveTest0 InsertAfterRemoveTest1 InsertAfterRemoveTest2 InsertTest0 InsertTest1 InsertTest2 RemoveTest0 RemoveTest1 RemoveTest2 RemoveTest3 RemoveTest4 RemoveTest5 RemoveTest6 RemoveTest7 SizeTest0 , ,ContainsTest0- ContainsTest1- EmptyTest0- EmptyTest1 SizeTest1- SizeTest2 , ,
134,Sat Oct 06 18:27:05 EDT 2018,100,24,Assignment2Suite,ContainsTest0+ ContainsTest1+ EfficiencyTest1 EmptyTest0+ EmptyTest1+ FindMinMaxTest0 FindMinMaxTest1 FindMinMaxTest2 HeightTest InsertAfterRemoveTest0 InsertAfterRemoveTest1 InsertAfterRemoveTest2 InsertTest0 InsertTest1 InsertTest2 RemoveTest0 RemoveTest1 RemoveTest2 RemoveTest3 RemoveTest4 RemoveTest5 RemoveTest6 RemoveTest7 SizeTest0 SizeTest1+ SizeTest2+ , , , ,
135,Sat Oct 06 18:31:03 EDT 2018,100,0,Assignment2Suite,ContainsTest0 ContainsTest1 EfficiencyTest1 EmptyTest0 EmptyTest1 FindMinMaxTest0 FindMinMaxTest1 FindMinMaxTest2 HeightTest InsertAfterRemoveTest0 InsertAfterRemoveTest1 InsertAfterRemoveTest2 InsertTest0 InsertTest1 InsertTest2 RemoveTest0 RemoveTest1 RemoveTest2 RemoveTest3 RemoveTest4 RemoveTest5 RemoveTest6 RemoveTest7 SizeTest0 SizeTest1 SizeTest2 , , , ,
136,Sat Oct 06 18:36:39 EDT 2018,100,0,Assignment2Suite,ContainsTest0 ContainsTest1 EfficiencyTest1 EmptyTest0 EmptyTest1 FindMinMaxTest0 FindMinMaxTest1 FindMinMaxTest2 HeightTest InsertAfterRemoveTest0 InsertAfterRemoveTest1 InsertAfterRemoveTest2 InsertTest0 InsertTest1 InsertTest2 RemoveTest0 RemoveTest1 RemoveTest2 RemoveTest3 RemoveTest4 RemoveTest5 RemoveTest6 RemoveTest7 SizeTest0 SizeTest1 SizeTest2 , , , ,
137,Sat Oct 06 18:36:57 EDT 2018,100,0,Assignment2Suite,ContainsTest0 ContainsTest1 EfficiencyTest1 EmptyTest0 EmptyTest1 FindMinMaxTest0 FindMinMaxTest1 FindMinMaxTest2 HeightTest InsertAfterRemoveTest0 InsertAfterRemoveTest1 InsertAfterRemoveTest2 InsertTest0 InsertTest1 InsertTest2 RemoveTest0 RemoveTest1 RemoveTest2 RemoveTest3 RemoveTest4 RemoveTest5 RemoveTest6 RemoveTest7 SizeTest0 SizeTest1 SizeTest2 , , , ,
138,Sun Oct 07 13:23:48 EDT 2018,100,0,Assignment2Suite,ContainsTest0 ContainsTest1 EfficiencyTest1 EmptyTest0 EmptyTest1 FindMinMaxTest0 FindMinMaxTest1 FindMinMaxTest2 HeightTest InsertAfterRemoveTest0 InsertAfterRemoveTest1 InsertAfterRemoveTest2 InsertTest0 InsertTest1 InsertTest2 RemoveTest0 RemoveTest1 RemoveTest2 RemoveTest3 RemoveTest4 RemoveTest5 RemoveTest6 RemoveTest7 SizeTest0 SizeTest1 SizeTest2 , , , ,
139,Sun Oct 07 21:24:48 EDT 2018,7,-93,Assignment2Suite,EmptyTest0 SizeTest0 , ,ContainsTest0- ContainsTest1- EfficiencyTest1- EmptyTest1- FindMinMaxTest0- FindMinMaxTest1- FindMinMaxTest2- HeightTest- InsertAfterRemoveTest0- InsertAfterRemoveTest1- InsertAfterRemoveTest2- InsertTest0- InsertTest1- InsertTest2- RemoveTest0- RemoveTest1- RemoveTest2- RemoveTest3- RemoveTest4- RemoveTest5- RemoveTest6- RemoveTest7- SizeTest1- SizeTest2- , ,
140,Sun Oct 07 21:25:56 EDT 2018,100,93,Assignment2Suite,ContainsTest0+ ContainsTest1+ EfficiencyTest1+ EmptyTest0 EmptyTest1+ FindMinMaxTest0+ FindMinMaxTest1+ FindMinMaxTest2+ HeightTest+ InsertAfterRemoveTest0+ InsertAfterRemoveTest1+ InsertAfterRemoveTest2+ InsertTest0+ InsertTest1+ InsertTest2+ RemoveTest0+ RemoveTest1+ RemoveTest2+ RemoveTest3+ RemoveTest4+ RemoveTest5+ RemoveTest6+ RemoveTest7+ SizeTest0 SizeTest1+ SizeTest2+ , , , ,
141,Sun Oct 07 21:33:29 EDT 2018,100,0,Assignment2Suite,ContainsTest0 ContainsTest1 EfficiencyTest1 EmptyTest0 EmptyTest1 FindMinMaxTest0 FindMinMaxTest1 FindMinMaxTest2 HeightTest InsertAfterRemoveTest0 InsertAfterRemoveTest1 InsertAfterRemoveTest2 InsertTest0 InsertTest1 InsertTest2 RemoveTest0 RemoveTest1 RemoveTest2 RemoveTest3 RemoveTest4 RemoveTest5 RemoveTest6 RemoveTest7 SizeTest0 SizeTest1 SizeTest2 , , , ,
142,Sun Oct 07 21:43:19 EDT 2018,96,-4,Assignment2Suite,ContainsTest0 ContainsTest1 EfficiencyTest1 EmptyTest0 EmptyTest1 FindMinMaxTest0 FindMinMaxTest1 FindMinMaxTest2 InsertAfterRemoveTest0 InsertAfterRemoveTest1 InsertAfterRemoveTest2 InsertTest0 InsertTest1 InsertTest2 RemoveTest0 RemoveTest1 RemoveTest2 RemoveTest3 RemoveTest4 RemoveTest5 RemoveTest6 RemoveTest7 SizeTest0 SizeTest1 SizeTest2 , ,HeightTest- , ,
143,Sun Oct 07 22:29:21 EDT 2018,100,4,Assignment2Suite,ContainsTest0 ContainsTest1 EfficiencyTest1 EmptyTest0 EmptyTest1 FindMinMaxTest0 FindMinMaxTest1 FindMinMaxTest2 HeightTest+ InsertAfterRemoveTest0 InsertAfterRemoveTest1 InsertAfterRemoveTest2 InsertTest0 InsertTest1 InsertTest2 RemoveTest0 RemoveTest1 RemoveTest2 RemoveTest3 RemoveTest4 RemoveTest5 RemoveTest6 RemoveTest7 SizeTest0 SizeTest1 SizeTest2 , , , ,
144,Sun Oct 07 23:07:56 EDT 2018,50,-50,Assignment2Suite,ContainsTest0 EfficiencyTest1 EmptyTest0 FindMinMaxTest0 FindMinMaxTest1 HeightTest InsertAfterRemoveTest0 InsertTest0 InsertTest1 InsertTest2 SizeTest0 SizeTest1 SizeTest2 , ,ContainsTest1- EmptyTest1- FindMinMaxTest2- InsertAfterRemoveTest1- InsertAfterRemoveTest2- RemoveTest0- RemoveTest1- RemoveTest2- RemoveTest3- RemoveTest4- RemoveTest5- RemoveTest6- RemoveTest7- , ,
145,Mon Oct 08 17:13:15 EDT 2018,100,50,Assignment2Suite,ContainsTest0 ContainsTest1+ EfficiencyTest1 EmptyTest0 EmptyTest1+ FindMinMaxTest0 FindMinMaxTest1 FindMinMaxTest2+ HeightTest InsertAfterRemoveTest0 InsertAfterRemoveTest1+ InsertAfterRemoveTest2+ InsertTest0 InsertTest1 InsertTest2 RemoveTest0+ RemoveTest1+ RemoveTest2+ RemoveTest3+ RemoveTest4+ RemoveTest5+ RemoveTest6+ RemoveTest7+ SizeTest0 SizeTest1 SizeTest2 , , , ,
